source_type,source_name,url,responsibilities_extracted,tools_mentioned,pain_points_noted
job_template,Workable Quality Analyst,https://resources.workable.com/quality-analyst-job-description,"Performing quality tests; Validating test cases; Identify and remedy defects; Recommend and implement preventative and corrective actions; Monitor preventative actions","Testing equipment, Quality management systems",Ensuring products meet organization's quality standards
job_template,Indeed UK QA Analyst,https://uk.indeed.com/career-advice/finding-a-job/quality-assurance-analyst-responsibilities,"Creating test plans; Test strategy development; Test case development; Test execution; Identifying bugs and defects; Interpreting documentation and technical requirements; Reporting findings; Automated test scripts; Monitoring QA metrics; Process improvement","Test management tools, Defect tracking systems, Automation tools",Back-and-forth communication; understanding complex technical documentation
job_template,Monster QA Technician,https://hiring.monster.com/resources/job-descriptions/production/quality-assurance-technician/,"Developing QA plans by conducting hazard analyses; Identifying critical control points; Establishing critical limits; Monitoring procedures; Validating quality processes; Completing product/company/system audits; Investigating customer complaints; Preparing quality documentation and reports","Quality management software, Testing equipment, Statistical tools",Managing multiple audits; tracking corrective actions
job_template,Manatal QA Analyst,https://www.manatal.com/job-description/quality-assurance-analyst-job-description,"Collaborate with cross-functional teams; Perform exploratory testing; Create and maintain test documentation; Conduct root cause analysis; Monitor and analyze performance metrics; Stay up to date with industry best practices","Test management tools, Defect tracking tools, Performance monitoring",Gathering requirements across teams; root cause analysis complexity
job_template,Keka Quality Analyst,https://www.keka.com/quality-analyst-job-description,"Creating test plans; Execute test plans; Identify flaws or bugs; Implement test scripts; Create procedures and policies for QA; Suggest preventive and corrective measures; Collect and examine statistical data; Ensure customer expectations are met; Handle customer complaints","QA programs, Databases, Testing tools",Following industry and regulatory requirements
job_template,4 Corner Resources QA Analyst,https://www.4cornerresources.com/job-descriptions/quality-analyst/,"Lead planning and execution of test strategies; Review and validate requirements; Manage defect reporting; Implement automation testing; Provide mentorship; Partner with business stakeholders","Automation tools, Defect tracking, Test management",Ensuring quality standards are consistently applied
job_template,BuildStream QC Analyst,https://www.buildstream.co/job-descriptions/quality-control-analyst,"Developing and implementing QA policies; Conducting tests and assessments; Reporting findings to departments; Collaborating with production team; Staying updated on industry standards; Performing quality assessments; Recording and analyzing test data; Preparing detailed reports","Testing equipment, SPC software, Reporting tools",Monitoring diverse operations; maintaining consistent quality
job_board,Indeed QA Manufacturing,https://www.indeed.com/q-quality-assurance-manufacturing-jobs.html,"Conduct quality audits; Maintain QC manual; Complete quality documents; Review QC jobs for compliance; Prepare and maintain ASME QC records; Respond to non-conformances with corrective actions and NCR reports","Quality databases, Audit tools, Documentation systems",Maintaining ISO program and documentation; coordinating audits
job_board,Indeed QA Inspector,https://www.indeed.com/q-quality-assurance-inspector-jobs.html,"Develop and review Quality and Operational documents including SOPs; Coordinate routine testing; Maintain purchasing controls; Perform inspections of incoming materials, in-process, and final products; Support Quality Awareness Tests","Inspection tools, Quality databases, Document control systems",Balancing multiple inspection and documentation tasks
job_board,Amgen QA Specialist,https://careers.amgen.com/en/job/allentown/quality-assurance-specialist/87/89383784496,"Ensure operations align with regulations and GMP/GDP requirements; Conduct sampling and inspection; Review documentation; Approve GMP processes and records; Address deviations, CAPAs, change controls; Support audits and inspections","Quality management systems, Compliance tracking, Audit tools",Managing deviations, CAPAs, and change controls; supporting multiple audits
pain_point,IndustrySelect QC Pain Points,https://www.industryselect.com/blog/top-pain-points-of-quality-control-executives,"Monitoring diverse supplier operations; Ensuring consistent quality across global supply chains; Meeting ever-changing regulatory compliance; Balancing quality with cost reduction; Managing outsourcing quality oversight","Remote monitoring systems, Digital inspections, Real-time data integration",Managing global supply chain quality; regulatory compliance changes; cost pressure
pain_point,SafetyCulture Manufacturing QA,https://safetyculture.com/topics/quality-assurance-and-quality-control/quality-assurance-in-manufacturing,"Maintaining SOPs for consistency; Training workforce; Collecting feedback loops; Tracking KPIs like defect rates and production yield; Managing quality across production stages","Mobile inspection apps, Quality management platforms, KPI dashboards",Ensuring uniformity in task performance; continuous feedback analysis
pain_point,ComplianceQuest Quality Issues,https://www.compliancequest.com/blog/6-common-quality-issues-in-manufacturing/,"Lack of standardized SOPs; Spotting quality issues and feeding into CAPA/RCA process; Collaborative and data-driven workflow; Equipment and training management","EQMS platforms, CAPA systems, Training management",Creating chaos without clear SOPs; unpredictable output from ambiguous processes
pain_point,MachineMetrics Quality Challenge,https://www.machinemetrics.com/blog/quality-assurance,"Tracking when quality issues occur; Categorizing rejected parts; Reviewing scrap data via pareto charts; Making process changes to reduce scrap","Machine monitoring, Scrap tracking, Pareto analysis tools",Cost from scrap parts; opportunity cost from not creating good parts
pain_point,QASource Common Pain Points,https://blog.qasource.com/4-common-qa-pain-points-and-their-solutions/,"Strong communication between teams; Defining QA documentation; Setting up project structure; Frequent meetings; Defining roles and responsibilities","Communication tools like Slack/Teams, Documentation systems, Project management",Communication challenges; lack of structure; no set rules or timeline
